COMMAND,CATEGORY 
ABS,Function
ACOS,Function
ADD,Instruction
AL,Interface Instruction
AMAL,Instruction
AMAL FREEZE,Instruction
AMAL OFF,Instruction
AMAL ON,Instruction
AMALERR,Function
AMOS HERE,Function
AMOS LOCK,Instruction
AMOS TO BACK,Instruction
AMOS TO FRONT,Instruction
AMOS UNLOCK,Instruction
AMPLAY,Instruction
AMREG,Reserved Variable
AND,Structure
Anim,AMAL Instruction
ANIM,Instruction
ANIM FREEZE,Instruction
ANIM OFF,Instruction
ANIM ON,Instruction
APPEAR,Instruction
APPEND,Instruction
AR,Interface Function
AREG,Reserved Variable
AREXX,Function
AREXX ANSWER,Instruction
AREXX CLOSE,Instruction
AREXX EXIST,Function
AREXX OPEN,Instruction
AREXX WAIT,Instruction
AREXX$,Function
ARRAY,Function
AS,Instruction
AS,Interface Function
ASC,Function
ASIN,Function
ASK EDITOR,Instruction
ASSIGN,Instruction
AT,Function
ATAN,Function
AUTO VIEW OFF,Instruction
AUTO VIEW ON,Instruction
AUTOBACK,Instruction
AUtotest,AMAL Instruction
BA,Interface Instruction
BANK SHRINK,Instruction
BANK SWAP,Instruction
BANK TO MENU,Instruction
BAR,Instruction
BAr,Embedded Menu Command
BC,Interface Instruction
BC,AMAL Function
BCHG,Instruction
BCLR,Instruction
BELL,Instruction
BGRAB,Instruction
BIN$,Function
BLENGTH,Function
BLOAD,Instruction
BO,Interface Instruction
BOB,Instruction
BOb,Embedded Menu Command
BOB CLEAR,Instruction
BOB COL,Function
BOB DRAW,Instruction
BOB OFF,Instruction
BOB UPDATE,Instruction
BOB UPDATE OFF,Instruction
BOB UPDATE ON,Instruction
BOBSPRITE COL,Function
BOOM,Instruction
BORDER,Instruction
BORDER$,Function
BOX,Instruction
BP,Interface Function
BQ,Interface Instruction
BR,Interface Instruction
BREAK OFF,Instruction
BREAK ON,Instruction
BSAVE,Instruction
BSEND,Instruction
BSET,Instruction
BSTART,Function
BTST,Function
BU,Interface Instruction
BX,Interface Function
BY,Interface Function
C,AMAL Function
CAll,Interface Instruction
CALL,Instruction
CALL EDITOR,Instruction
CDOWN,Instruction
CDOWN$,Function
CENTRE,Instruction
CHANAN,Function
CHANGE MOUSE,Instruction
CHANMV,Function
CHANNEL,Instruction
CHIP FREE,Function
CHOICE,Function
CHR$,Function
CIRCLE,Instruction
CLEAR KEY,Instruction
CLEFT,Instruction
CLEFT$,Function
CLINE,Instruction
CLIP,Instruction
CLOSE,Instruction
CLOSE EDITOR,Instruction
CLOSE WORKBENCH,Instruction
CLS,Instruction
CLW,Instruction
CMOVE,Instruction
CMOVE$,Function
COL,Function
COLOUR,Function
COLOUR,Instruction
COLOUR BACK,Instruction
COMMAND LINE$,Reserved Variable
COMP DEL,Instruction
COMP ERR$,Function
COMP HERE,Function
COMP LOAD,Instruction
COMP SIZE,Function
COMPILE,Instruction
COP LOGIC,Function
COP MOVE,Instruction
COP MOVEL,Instruction
COP RESET,Instruction
COP SWAP,Instruction
COP WAIT,Instruction
COPPER OFF,Instruction
COPPER ON,Instruction
COPY,Instruction
COS,Function
CRIGHT,Instruction
CRIGHT$,Function
CUP,Instruction
CUP$,Function
CURS OFF,Instruction
CURS ON,Instruction
CURS PEN,Instruction
CX,Interface Function
DATA,Structure
DEC,Instruction
DEEK,Function
DEF FN,Structure
DEF SCROLL,Instruction
DEFAULT,Instruction
DEFAULT PALETTE,Instruction
DEGREE,Instruction
DEL BLOCK,Instruction
DEL BOB,Instruction
DEL CBLOCK,Instruction
DEL ICON,Instruction
DEL SPRITE,Instruction
DEL WAVE,Instruction
DEV ABORT,Instruction
DEV BASE,Function
DEV CHECK,Function
DEV CLOSE,Instruction
DEV DO,Instruction
DEV FIRST$,Function
DEV NEXT$,Function
DEV OPEN,Instruction
DEV SEND,Instruction
DFREE,Function
DI,Interface Instruction
DIALOG,Function
DIALOG BOX,Function
DIALOG CLOSE,Instruction
DIALOG CLR,Instruction
DIALOG FREEZE,Instruction
DIALOG OPEN,Instruction
DIALOG RUN,Function
DIALOG UNFREEZE,Instruction
DIALOG UPDATE,Instruction
DIM,Instruction
DIR,Instruction
DIR FIRST$,Function
DIR NEXT$,Function
DIR/W,Instruction
DIR$,Reserved Variable
Direct,AMAL Instruction
DIRECT,Instruction
DISC INFO$,Function
DISPLAY HEIGHT,Function
DO,Structure
DOKE,Instruction
DOSCALL,Function
DOUBLE BUFFER,Instruction
DRAW,Instruction
DRAW TO,Instruction
DREG,Reserved Variable
DUAL PLAYFIELD,Instruction
DUAL PRIORITY,Instruction
ED,Interface Instruction
EDIALOG,Function
EDIT,Instruction
ELipse,Embedded Menu Command
ELLIPSE,Instruction
ELSE,Structure
ELSE IF,Structure
END,Instruction
End,AMAL Instruction
END IF,Structure
END PROC,Structure
EOF,Function
EQU,Function
ERASE,Instruction
ERASE ALL,Instruction
ERASE TEMP,Instruction
ERR$,Function
ERRN,Function
ERROR,Instruction
ERRTRAP,Function
EVERY,Instruction
EVERY OFF,Instruction
EVERY ON,Instruction
EX,Interface Instruction
EXEC,Instruction
EXECALL,Function
EXIST,Function
EXIT,Structure
eXit,AMAL Instruction
EXIT IF,Structure
EXP,Function
FADE,Instruction
FAST FREE,Function
FIELD,Instruction
FILL,Instruction
FIRE,Function
FIX,Instruction
FLASH,Instruction
FLASH OFF,Instruction
FLIP$,Function
FN,Structure
FONT$,Function
FOR,Structure
For,AMAL Structure
FRAME LENGTH,Function
FRAME LOAD,Function
FRAME PARAM,Function
FRAME PLAY,Function
FRAME SKIP,Function
FREE,Function
FREEZE,Instruction
FSEL$,Function
GB,Interface Instruction
GE,Interface Instruction
GET,Instruction
GET BLOCK,Instruction
GET BOB,Instruction
GET BOB PALETTE,Instruction
GET CBLOCK,Instruction
GET DISC FONTS,Instruction
GET FONTS,Instruction
GET ICON,Instruction
GET ICON PALETTE,Instruction
GET PALETTE,Instruction
GET ROM FONTS,Instruction
GET SPRITE,Instruction
GET SPRITE PALETTE,Instruction
GFXCALL,Function
GL,Interface Instruction
GLOBAL,Structure
GOSUB,Structure
GOTO,Structure
GR LOCATE,Instruction
GR WRITING,Instruction
GS,Interface Instruction
HARDCOL,Function
HCOS,Function
HEX$,Function
HIDE,Instruction
HIDE ON,Instruction
HIRES,Function
HOME,Instruction
HOT SPOT,Instruction
HREV,Function
HREV BLOCK,Instruction
HS,Interface Instruction
HSCROLL,Instruction
HSIN,Function
HSLIDER,Instruction
HT,Interface Instruction
HTAN,Function
HUNT,Function
HZONE,Function
I BOB,Function
I SPRITE,Function
ICon,Embedded Menu Command
ICON BASE,Function
IF,Structure
IF,Interface Structure
If,AMAL Structure
IFF ANIM,Instruction
IL,Interface Instruction
IN,Interface Instruction
INC,Instruction
INCLUDE,Instruction
INK,Instruction
Ink,Embedded Menu Command
INKEY$,Function
INPUT,Instruction
INPUT#,Structure
INPUT$,Function
INS BOB,Instruction
INS ICON,Instruction
INS SPRITE,Instruction
INSTR,Function
INT,Function
INTCALL,Function
INVERSE OFF,Instruction
INVERSE ON,Instruction
J0,AMAL Function
J1,AMAL Function
JDOWN,Function
JLEFT,Function
JOY,Function
JP,Interface Instruction
JRIGHT,Function
JS,Interface Instruction
Jump,AMAL Instruction
JUP,Function
K1,AMAL Function
K2,AMAL Function
KEY SHIFT,Function
KEY SPEED,Instruction
KEY STATE,Function
KEY$,Reserved Variable
KILL,Instruction
KILL EDITOR,Instruction
KY,Interface Instruction
LA,Interface Instruction
LACED,Function
LDIR,Instruction
LDIR/W,Instruction
LED OFF,Instruction
LED ON,Instruction
LEEK,Function
LEFT$,Function
LEN,Function
LENGTH,Function
Let,AMAL Instruction
LI,Interface Instruction
LIB BASE,System Function
LIB CALL,System Function
LIB CLOSE,System Function
LIB OPEN,Instruction
LIMIT BOB,Instruction
LIMIT MOUSE,Instruction
LIne,Embedded Menu Command
LINE INPUT,Instruction
LINE INPUT#,Structure
LIST BANK,Instruction
LN,Function
LOAD,Instruction
LOAD IFF,Instruction
LOCATE,Instruction
LOcate,Embedded Menu Command
LOF,Function
LOG,Function
LOGBASE,Function
LOGIC,Function
LOKE,Instruction
LOOP,Structure
LOWER$,Function
LOWRES,Function
LPRINT,Instruction
LVO,Function
MAKE ICON MASK,Instruction
MAKE MASK,Instruction
MASK IFF,Instruction
MATCH,Function
MAX,Function
ME,Interface Function
MED CONT,Instruction
MED LOAD,Instruction
MED MIDI ON,Instruction
MED PLAY,Instruction
MED STOP,Instruction
MEMORIZE X,Instruction
MEMORIZE Y,Instruction
MENU ACTIVE,Instruction
MENU BAR,Instruction
MENU BASE,Instruction
MENU CALC,Instruction
MENU CALLED,Instruction
MENU DEL,Instruction
MENU INACTIVE,Instruction
MENU ITEM MOVABLE,Instruction
MENU ITEM STATIC,Instruction
MENU KEY,Instruction
MENU LINE,Instruction
MENU LINK,Instruction
MENU MOUSE OFF,Instruction
MENU MOUSE ON,Instruction
MENU MOVABLE,Instruction
MENU OFF,Instruction
MENU ON,Instruction
MENU ONCE,Instruction
MENU SEPARATE,Instruction
MENU STATIC,Instruction
MENU TLINE,Instruction
MENU TO BANK,Instruction
MENU$,Reserved Variable
MID$,Function
MIN,Function
MKDIR,Instruction
MONITOR,Instruction
MOUSE CLICK,Function
MOUSE KEY,Function
MOUSE SCREEN,Function
MOUSE ZONE,Function
MOUTH HEIGHT,Function
MOUTH READ,Function
MOUTH WIDTH,Function
Move,AMAL Instruction
MOVE FREEZE,Instruction
MOVE OFF,Instruction
MOVE ON,Instruction
MOVE X,Instruction
MOVE Y,Instruction
MOVON,Function
MULTI WAIT,Instruction
MUSIC,Instruction
MUSIC OFF,Instruction
MUSIC STOP,Instruction
MVOLUME,Instruction
NEXT,Structure
Next,AMAL Structure
NO ICON MASK,Instruction
NO MASK,Instruction
NOISE TO,Instruction
NOT,Structure
NTSC,Function
NW,Interface Instruction
ON,Structure
On AMAL,Instruction
ON BREAK PROC,Structure
ON ERROR,Structure
ON ERROR PROC,Structure
ON MENU DEL,Instruction
ON MENU GOSUB,Instruction
ON MENU GOTO,Instruction
ON MENU OFF,Instruction
ON MENU ON,Instruction
ON MENU PROC,Instruction
ON PROC,Structure
OPEN IN,Instruction
OPEN OUT,Instruction
OPEN PORT,Instruction
OPEN RANDOM,Instruction
OR,Structure
OUtline,Embedded Menu Command
PACK,Picture Compactor Extension
PAINT,Instruction
PALETTE,Instruction
PAPER,Instruction
PAPER$,Function
PARALLEL ABORT,Instruction
PARALLEL BASE,Function
PARALLEL CHECK,Function
PARALLEL CLOSE,Instruction
PARALLEL ERROR,Function
PARALLEL INPUT$,Function
PARALLEL OPEN,Instruction
PARALLEL OUT,Instruction
PARALLEL SEND,Instruction
PARALLEL STATUS,Function
PARAM,Function
PARAM#,Function
PARAM$,Function
PARENT,Instruction
PASTE BOB,Instruction
PASTE ICON,Instruction
PAttern,Embedded Menu Command
Pause,AMAL Instruction
PEEK,Function
PEEK$,Function
PEN,Instruction
PEN$,Function
PHYBASE,Function
PHYSIC,Function
PI#,Function
PICTURE,Function
PLAY,Instruction
PLay,AMAL Instruction
PLAY OFF,Instruction
PLOAD,Instruction
PLOT,Instruction
PO,Interface Instruction
POF,Reserved Variable
POINT,Function
POKE,Instruction
POKE$,Instruction
POLYGON,Instruction
POLYLINE,Instruction
POP,Instruction
POP PROC,Structure
PORT,Function
PPLOAD,Instruction
PPSAVE,Instruction
PR,Interface Instruction
PRG STATE,Function
PRG UNDER,Function
PRINT,Instruction
PRINT#,Structure
PRINTER ABORT,Instruction
PRINTER BASE,Function
PRINTER CHECK,Function
PRINTER CLOSE,Instruction
PRINTER DUMP,Instruction
PRINTER ERROR,Function
PRINTER ONLINE,Function
PRINTER OPEN,Instruction
PRINTER OUT,Instruction
PRINTER SEND,Instruction
PRIORITY OFF,Instruction
PRIORITY ON,Instruction
PRIORITY REVERSE OFF,Instruction
PRIORITY REVERSE ON,Instruction
PROC,Structure
PRoc,Embedded Menu Command
PROCEDURE,Structure
PRUN,Instruction
PU,Interface Instruction
PUT,Instruction
PUT BLOCK,Instruction
PUT BOB,Instruction
PUT CBLOCK,Instruction
PUT KEY,Instruction
RADIAN,Instruction
RAIN,Reserved Variable
RAINBOW,Instruction
RAINBOW DEL,Instruction
RANDOMIZE,Instruction
RDIALOG,Function
RDIALOG$,Function
READ,Structure
READ TEXT,Instruction
REM,Structure
REMEMBER X,Instruction
REMEMBER Y,Instruction
RENAME,Instruction
REPEAT,Structure
REPEAT$,Function
REQUEST OFF,Instruction
REQUEST ON,Instruction
REQUEST WB,Instruction
REserve,Embedded Menu Command
RESERVE AS CHIP DATA,Instruction
RESERVE AS CHIP WORK,Instruction
RESERVE AS DATA,Instruction
RESERVE AS WORK,Instruction
RESERVE ZONE,Instruction
RESET ZONE,Instruction
RESOURCE BANK,Instruction
RESOURCE SCREEN OPEN,Instruction
RESOURCE UNPACK,Instruction
RESOURCE$,Function
RESTORE,Structure
RESUME,Structure
RESUME LABEL,Structure
RETURN,Instruction
REV,Function
RIGHT$,Function
RND,Function
ROL.B,Instruction
ROL.L,Instruction
ROL.W,Instruction
ROR.B,Instruction
ROR.L,Instruction
ROR.W,Instruction
RT,Interface Instruction
RU,Interface Instruction
RUN,Instruction
SA,Interface Instruction
SAM BANK,Instruction
SAM LOOP OFF,Instruction
SAM LOOP ON,Instruction
SAM PLAY,Instruction
SAM RAW,Instruction
SAM STOP,Instruction
SAM SWAP,Instruction
SAM SWAPPED,Function
SAMPLE,Instruction
SAVE,Instruction
SAVE IFF,Instruction
SAY,Instruction
SC,AMAL Function
SCAN$,Function
SCANCODE,Function
SCANSHIFT,Function
SCIN,Function
SCREEN,Instruction
SCREEN,Function
SCREEN BASE,Function
SCREEN CLONE,Instruction
SCREEN CLOSE,Instruction
SCREEN COLOUR,Function
SCREEN COPY,Instruction
SCREEN DISPLAY,Instruction
SCREEN HEIGHT,Function
SCREEN HIDE,Instruction
SCREEN MODE,Function
SCREEN OFFSET,Instruction
SCREEN OPEN,Instruction
SCREEN SHOW,Instruction
SCREEN SWAP,Instruction
SCREEN TO BACK,Instruction
SCREEN TO FRONT,Instruction
SCREEN WIDTH,Function
SCROLL,Instruction
SCROLL OFF,Instruction
SCROLL ON,Instruction
SERIAL ABORT,Instruction
SERIAL BASE,Function
SERIAL BITS,Instruction
SERIAL BUF,Instruction
SERIAL CHECK,Function
SERIAL CLOSE,Instruction
SERIAL ERROR,Function
SERIAL FAST,Instruction
SERIAL GET,Function
SERIAL INPUT$,Function
SERIAL OPEN,Instruction
SERIAL OUT,Instruction
SERIAL PARITY,Instruction
SERIAL SEND,Instruction
SERIAL SLOW,Instruction
SERIAL SPEED,Instruction
SERIAL STATUS,Function
SERIAL X,Instruction
SET ACCESSORY,Instruction
SET BOB,Instruction
SET BUFFER,Instruction
SET CURS,Instruction
SET DIR,Instruction
SET DOUBLE PRECISION,Instruction
SET ENVEL,Instruction
SET EQUATE BANK,Instruction
SET FONT,Instruction
SET HARDCOL,Instruction
SET INPUT,Instruction
SET LINE,Instruction
SET MENU,Instruction
SET PAINT,Instruction
SET PATTERN,Instruction
SET RAINBOW,Instruction
SET SLIDER,Instruction
SET SPRITE BUFFER,Instruction
SET STACK,Instruction
SET TAB,Instruction
SET TALK,Instruction
SET TEMPRAS,Instruction
SET TEXT,Instruction
SET WAVE,Instruction
SET ZONE,Instruction
SF,Interface Instruction
SFont,Embedded Menu Command
SGN,Function
SH,Interface Function
SHADE OFF,Instruction
SHADE ON,Instruction
SHARED,Structure
SHIFT DOWN,Instruction
SHIFT OFF,Instruction
SHIFT UP,Instruction
SHOOT,Instruction
SHOW,Instruction
SHOW ON,Instruction
SI,Interface Instruction
SIN,Function
SL,Interface Instruction
SLine,Embedded Menu Command
SLOAD,Instruction
SM,Interface Instruction
SORT,Instruction
SP,Interface Instruction
SPACE$,Function
SPACK,Picture Compactor Extension
SPRITE,Instruction
SPRITE BASE,Function
SPRITE COL,Function
SPRITE OFF,Instruction
SPRITE UPDATE,Instruction
SPRITE UPDATE OFF,Instruction
SPRITE UPDATE ON,Instruction
SPRITEBOB COL,Function
SQR,Function
SQUASH,Function
SSAVE,Instruction
SStyle,Embedded Menu Command
START,Function
STEP,Structure
STOP,Instruction
STR$,Function
STRING$,Function
STRUC,Reserved Variable
STRUC$,Function
SV,Interface Instruction
SW,Interface Function
SW,Interface Instruction
SWAP,Structure
SX,Interface Function
SY,Interface Function
SYNCHRO,Instruction
SYNCHRO OFF,Instruction
SYNCHRO ON,Instruction
SYSTEM,Instruction
SZ,Interface Instruction
TAB$,Function
TALK MISC,Instruction
TALK STOP,Instruction
TAN,Function
TEMPO,Instruction
TEXT,Instruction
TEXT BASE,Function
TEXT LENGTH,Function
TEXT STYLES,Function
TH,Interface Function
THEN,Structure
TIMER,Reserved Variable
TITLE BOTTOM,Instruction
TITLE TOP,Instruction
TL,Interface Function
TO,Structure
To,AMAL Structure
TRACK LOAD,Instruction
TRACK LOOP OFF,Instruction
TRACK LOOP ON,Instruction
TRACK PLAY,Instruction
TRACK STOP,Instruction
TRAP,Instruction
TW,Interface Function
UI,Interface Instruction
UN,Interface Instruction
UNDER OFF,Instruction
UNDER ON,Instruction
UNFREEZE,Instruction
UNPACK,Picture Compactor Extension
UNSQUASH,Function
UNTIL,Structure
UPDATE,Instruction
UPDATE EVERY,Instruction
UPDATE OFF,Instruction
UPDATE ON,Instruction
UPPER$,Function
USING,Instruction
VA,Interface Function
VAL,Function
VARPTR,Function
VDIALOG,Function
VDIALOG$,Function
VIEW,Instruction
VL,Interface Instruction
VOICE,Instruction
VOLUME,Instruction
VREV,Function
VREV BLOCK,Instruction
VS,Interface Instruction
VSCROLL,Instruction
VSLIDER,Instruction
VT,Interface Instruction
VU AMAL,Function
VUMETER,Function
WAIT,Instruction
Wait AMAL,Instruction
WAIT KEY,Instruction
WAIT VBL,Instruction
WAVE,Instruction
WEND,Structure
WHILE,Structure
WIND CLOSE,Instruction
WIND MOVE,Instruction
WIND OPEN,Instruction
WIND SAVE,Instruction
WIND SIZE,Instruction
WINDON,Function
WINDOW,Instruction
WRITING,Instruction
X BOB,Function
X CURS,Function
X GRAPHIC,Function
X HARD,Function
X MENU,Function
X MOUSE,Reserved Variable
X SCREEN,Function
X SPRITE,Function
X TEXT,Function
XA,Interface Function
XB,Interface Function
XGR,Function
XH,AMAL Function
XM,AMAL Function
XS,AMAL Function
XY,Interface Instruction
Y BOB,Function
Y CURS,Function
Y GRAPHIC,Function
Y HARD,Function
Y MENU,Function
Y MOUSE,Reserved Variable
Y SCREEN,Function
Y SPRITE,Function
Y TEXT,Function
YA,Interface Function
YB,Interface Function
YGR,Function
YH,AMAL Function
YM,AMAL Function
YS,AMAL Function
Z,AMAL Function
ZC,Interface Instruction
ZDIALOG,Function
ZN,Interface Function
ZONE,Function
ZONE$,Function
ZOOM,Instruction
ZP,Interface Function
ZV,Interface Function
FALSE,Function
TRUE,Function